[{"start":"2022-11-26T04:52:45.352Z","end":"2022-11-26T04:52:45.352Z","title":"Some new title","priority":1},{"start":"2022-11-26T04:53:09.603Z","end":"2022-11-26T04:53:09.603Z","title":"ABC Some new title","priority":1},{"start":"2022-11-26T04:55:35.064Z","end":"2022-11-26T04:55:35.064Z","title":"ABC Some new title","priority":1},{"start":"2022-11-26T05:08:40.386Z","end":"2022-11-26T05:08:40.386Z","title":"ABC Some new title","priority":1},{"start":"2022-11-26T05:11:39.913Z","end":"2022-11-26T05:11:39.913Z","title":"ABC Some new title","priority":1},{"start":"2022-11-26T05:17:49.655Z","end":"2022-11-26T05:17:49.655Z","title":"ABC Some new title","priority":1},{"start":"2022-11-26T05:23:44.848Z","end":"2022-11-26T05:23:44.848Z","title":"ABC Some new title","priority":1}]